<?xml version="1.0" encoding="UTF-8"?>
<!DOCTYPE hibernate-configuration PUBLIC "-//Hibernate/Hibernate Configuration DTD 3.0//EN" "http://hibernate.sourceforge.net/hibernate-configuration-3.0.dtd">
<hibernate-configuration>
    <session-factory>
        
        <property name="hibernate.dialect">org.hibernate.dialect.MySQLDialect</property>
        <property name="hibernate.connection.driver_class">com.mysql.cj.jdbc.Driver</property>
        <property name="hibernate.connection.url">jdbc:mysql://localhost:3306/school_db?useSSL=false</property>
        <property name="hibernate.connection.username">root</property>
        <property name="hibernate.connection.password">Sanjana123!$</property>
        <property name="show_sql">true</property>
        <property name="hibernate.hbm2ddl.auto">create</property>  <!-- Tabele create kirirmata CREATE,UPDATE,CERETE-DROP-->
     
        <mapping class = "entity.Student"/>
        <mapping class = "entity.StuClass"/>
        <mapping class = "entity.Subject"/>
        <mapping class = "entity.Teacher"/>
    
    </session-factory>
</hibernate-configuration>

